{"original_score": 0.0, "_timestamp": 1707293931, "_runtime": 3175, "_step": 21, "step": 10, "base_score": 56.203898787498474, "Per_curr_iteration_best_score": 44.97740603983402, "result_score": 56.203898787498474, "_wandb": {"runtime": 3174}}