{"original_score": 50.0, "_timestamp": 1707378586, "_runtime": 527, "_step": 5, "step": 3, "base_score": 68.66856515407562, "Per_curr_iteration_best_score": 68.29478442668915, "_wandb": {"runtime": 678}}