{"original_score": 50.0, "_timestamp": 1707385376, "_runtime": 1896, "_step": 9, "step": 5, "base_score": 73.17126393318176, "Per_curr_iteration_best_score": 68.66066753864288, "_wandb": {"runtime": 1966}}