{"original_score": 0.0, "_timestamp": 1707290522, "_runtime": 671, "_step": 5, "step": 3, "base_score": 71.65051996707916, "Per_curr_iteration_best_score": 71.65051996707916, "_wandb": {"runtime": 724}}