{"original_score": 50.0, "_timestamp": 1707377394, "_runtime": 359, "_step": 2, "step": 1, "base_score": 50.0, "Per_curr_iteration_best_score": [49.11283254623413, 66.72837734222412, 72.21953272819519, 59.83223021030426, 54.12483364343643, 42.51210540533066, 71.47153317928314, 66.07901155948639, 45.53850591182709, 69.13503408432007], "_wandb": {"runtime": 358}}