{"original_score": 50.0, "_timestamp": 1707307595, "_runtime": 3168, "_step": 11, "step": 10, "base_score": 55.626705288887024, "result_score": 56.1526745557785, "_wandb": {"runtime": 3166}}