{"original_score": 0.0, "_timestamp": 1707325369, "_runtime": 4691, "_step": 21, "step": 10, "base_score": 66.98927879333496, "Per_curr_iteration_best_score": 57.24549442529678, "result_score": 66.98927879333496, "_wandb": {"runtime": 4689}}