{"original_score": 50.0, "_timestamp": 1707381903, "_runtime": 3133, "_step": 21, "step": 10, "base_score": 78.63528728485107, "Per_curr_iteration_best_score": 69.89679038524628, "result_score": 78.63528728485107, "_wandb": {"runtime": 3134}}