{"original_score": 0.0, "_timestamp": 1707310229, "_runtime": 1913, "_step": 9, "step": 5, "base_score": 81.47076964378357, "Per_curr_iteration_best_score": 81.47076964378357, "_wandb": {"runtime": 2050}}